Thumb,Index,Middle,Ring,Pinky,Accelerometer,Tip Index Force Sensor,Middle Force Sensor,Tip Thumb Force Sensor,Letter
26.7,44,36.5,53.1,47.9,1,1,1,0,A
38.3,26.6,30.8,30.3,26.5,1,0,1,1,B
35,46,37,46,44.3,1,0,1,0,C
35,26.6,36.5,53.1,47.9,1,0,0,1,D
35,46,30.8,30.3,26.5,1,1,1,0,F
26.7,26.6,37.3,55.7,65.6,2,0,0,1,G
26.7,26.6,30.8,53.1,47.9,2,0,1,0,H
38.3,44,36.5,57,26.5,1,1,1,1,I
35,47,37.3,54,26,3,1,1,1,J
35,26.6,30.8,55.7,65.6,1,0,1,0,K
26.7,26.6,36.5,53.1,67.3,1,0,0,0,L
32.5,35,37.8,36,54,1,1,0,0,M
34,47,37,55,65,1,1,1,1,N
32.5,46,37,46,44.3,1,1,1,1,O
26.7,26.6,30.8,53.1,47.9,2,0,1,1,P
25,25,38,53,64,4,0,0,0,Q
30,28,29,55.7,65.6,1,1,0,0,R
38.3,47,37,55,65,1,1,1,0,S
32.7,45,36,53,48,1,1,1,1,T
29,28,30,55,47,1,0,1,0,U
26.7,26.6,30.8,53.1,47.9,1,0,0,1,V
26.7,46,30.8,30.3,26.5,1,0,0,1,W
47,45,36.3,53.1,25.7,1,0,0,1,X
30,44,36.5,57,26.5,1,1,1,0,Y
35,27,36.5,53,48,1,0,0,1,Z
32.5,26.6,30.8,30.3,26.5,3,0,1,1,Hello
35,44,36.5,53.1,47.9,1,1,1,0,A
32.5,26.6,30.8,30.3,26.5,1,0,1,1,B
32.5,46,37,46,44.3,1,0,1,0,C
35,27,36.5,53,48,1,0,0,1,D
26.7,46,30.8,30.3,26.5,1,1,1,0,F
26.7,26.6,36.5,53.1,67.3,2,0,0,1,G
35,26.6,30.8,55.7,65.6,2,0,1,0,H
35,47,37.3,54,26,1,1,1,1,I
38,45,36,54.3,27,3,1,1,1,J
26.7,26.6,30.8,53.1,47.9,1,0,1,0,K
26.7,26.6,37.3,55.7,65.6,1,0,0,0,L
32,44,36.5,53.1,47.9,1,1,0,0,M
32.5,35,37.8,36,54,1,1,1,1,N
35,44,36.5,53.1,47.9,1,1,1,1,O
35,26.6,30.8,55.7,65.6,2,0,1,1,P
26,26,36,53,67,4,0,0,0,Q
29,28,30,55,47,1,1,0,0,R
38,35,37.8,36,54,1,1,1,0,S
34,47,37,55,65,1,1,1,1,T
26.7,26.6,30.8,53.1,47.9,1,0,1,0,U
29,28,30,55,47,1,0,0,1,V
35,44,31,30,26,1,0,0,1,W
46,26.6,36.5,53.1,47.9,1,0,0,1,X
26.7,47,37.3,54,26,1,1,1,0,Y
27,27,37,53,47.5,1,0,0,1,Z
35,35,31,30,26,3,0,1,1,Hello
26.7,46,37,50,48,1,1,1,0,A
35,35,31,30,26,1,0,1,1,B
35,44,36.5,53.1,47.9,1,0,1,0,C
27,27,37,53,47.5,1,0,0,1,D
35,44,31,30,26,1,1,1,0,F
26,26,36,53,67,2,0,0,1,G
30,25,31,54,64,2,0,1,0,H
38,45,36,54.3,27,1,1,1,1,I
37,46,37,54.7,26.7,3,1,1,1,J
35,26.6,30.8,55.7,65.6,1,0,1,0,K
26.7,26.6,36.5,53.1,67.3,1,0,0,0,L
33.3,44,36.5,53.1,47.9,1,1,0,0,M
32,44,36.5,53.1,47.9,1,1,1,1,N
32.5,44,36.5,53.1,47.9,1,1,1,1,O
30,25,31,54,64,2,0,1,1,P
26.7,26.6,37.3,55.7,65.6,4,0,0,0,Q
27,27,29.5,52.3,58.1,1,1,0,0,R
38.2,44,36.5,53.1,47.9,1,1,1,0,S
32.5,35,37.8,36,54,1,1,1,1,T
35,26.6,30.8,55.7,65.6,1,0,1,0,U
26.7,26.6,30.8,53.1,47.9,1,0,0,1,V
26.7,46,30.8,30.3,26.5,1,0,0,1,W
45,27,36.5,53,48,1,0,0,1,X
26.7,45,36,54.3,27,1,1,1,0,Y
28,26.5,37,53,48,1,0,0,1,Z
27,27,31,30,26,3,0,1,1,Hello
35,45,37,52,48,1,1,1,0,A
27,27,31,30,26,1,0,1,1,B
32.5,44,36.5,53.1,47.9,1,0,1,0,C
28,26.5,37,53,48,1,0,0,1,D
26.7,46,30.8,30.3,26.5,1,1,1,0,F
25,25,35,52,46,2,0,0,1,G
28,27,31,52,69,2,0,1,0,H
37,46,37,54.7,26.7,1,1,1,1,I
36,47.3,36.5,53.7,26.3,3,1,1,1,J
30,25,31,54,64,1,0,1,0,K
26,26,36,53,67,1,0,0,0,L
32.7,46,37,50,48,1,1,0,0,M
33.3,44,36.5,53.1,47.9,1,1,1,1,N
35,44,36.5,46,44.3,1,1,1,1,O
28,27,31,52,69,2,0,1,1,P
26.7,26.6,36.5,53.1,67.3,4,0,0,0,Q
25.5,25.3,29.5,51.5,50,1,1,0,0,R
38.5,44,36.5,53.1,47.9,1,1,1,0,S
32,44,36.5,53.1,47.9,1,1,1,1,T
30,25,31,54,64,1,0,1,0,U
35,26.6,30.8,55.7,65.6,1,0,0,1,V
27,46,31,30,26,1,0,0,1,W
46,27,37,53,47.5,1,0,0,1,X
26.7,46,37,54.7,26.7,1,1,1,0,Y
38,26,37,54,48,1,0,0,1,Z
39,26.6,30.8,30.3,26,3,0,1,1,Hello
27,46,37.3,55,65,1,1,1,0,A
39,26.6,30.8,30.3,26,1,0,1,1,B
35,44,36.5,46,44.3,1,0,1,0,C
38,26,37,54,48,1,0,0,1,D
27,46,31,30,26,1,1,1,0,F
27,27,37,54,68,2,0,0,1,G
25.7,25.1,29,52,46,2,0,1,0,H
36,47.3,36.5,53.7,26.3,1,1,1,1,I
37,46,38,54.1,26.1,3,1,1,1,J
28,27,31,52,69,1,0,1,0,K
25,25,35,52,46,1,0,0,0,L
33,45,37,52,48,1,1,0,0,M
32.7,46,37,50,48,1,1,1,1,N
32.5,44,36.5,46,44,1,1,1,1,O
25.7,25.1,29,52,46,2,0,1,1,P
25,25,35,52,46,4,0,0,0,Q
25.7,25.1,29,52,46,1,1,0,0,R
39,46,37,50,48,1,1,1,0,S
33.3,44,36.5,53.1,47.9,1,1,1,1,T
28,27,31,52,69,1,0,1,0,U
30,25,31,54,64,1,0,0,1,V
27,44,31,30.5,26,1,0,0,1,W
46,26.5,37,53,48,1,0,0,1,X
26,47.3,36.5,53.7,26.3,1,1,1,0,Y
27,27,36,53,47,1,0,0,1,Z
40,27,31,30,27,3,0,1,1,Hello
35,46,37.3,55,65,1,1,1,0,A
40,27,31,30,27,1,0,1,1,B
32.5,44,36.5,46,44,1,0,1,0,C
27,27,36,53,47,1,0,0,1,D
27,44,31,30.5,26,1,1,1,0,F
26,27,36,54,67,2,0,0,1,G
25.5,25.3,29.5,51.5,50,2,0,1,0,H
37,46,38,54.1,26.1,1,1,1,1,I
37.5,44.4,37,54.3,25,3,1,1,1,J
25.7,25.1,29,52,46,1,0,1,0,K
27,27,37,54,68,1,0,0,0,L
34,46,37.3,55,65,1,1,0,0,M
33,45,37,52,48,1,1,1,1,N
32.5,44,36.5,53.1,48,1,1,1,1,O
25.5,25.3,29.5,51.5,50,2,0,1,1,P
27,27,37,54,68,4,0,0,0,Q
26.7,26.6,30.8,53.1,47.9,1,1,0,0,R
40,45,37,52,48,1,1,1,0,S
32.7,46,37,50,48,1,1,1,1,T
25.7,25.1,29,52,46,1,0,1,0,U
28,27,31,52,69,1,0,0,1,V
35,46,30.8,30,26,1,0,0,1,W
46.7,26,37,54,48,1,0,0,1,X
25,46,38,54.1,26.1,1,1,1,0,Y
38,26,36,54,48,1,0,0,1,Z
38,26.5,30.5,30.1,26,3,0,1,1,Hello
28,45,37,55,64,1,1,1,0,A
38,26.5,30.5,30.1,26,1,0,1,1,B
32.5,44,36.5,53.1,48,1,0,1,0,C
38,26,36,54,48,1,0,0,1,D
35,46,30.8,30,26,1,1,1,0,F
28,27,38,54,69,2,0,0,1,G
27,27,29.5,52.3,58.1,2,0,1,0,H
37.5,44.4,37,54.3,25,1,1,1,1,I
38.3,45.3,36,54.7,27,3,1,1,1,J
25.5,25.3,29.5,51.5,50,1,0,1,0,K
26,27,36,54,67,1,0,0,0,L
34.2,46,37.3,55,65,1,1,0,0,M
34,46,37.3,55,65,1,1,1,1,N
35,44,37,53.1,44,1,1,1,1,O
27,27,29.5,52.3,58.1,2,0,1,1,P
26,27,36,54,67,4,0,0,0,Q
35,25,30,55,65,1,1,0,0,R
37.5,46,37.3,55,65,1,1,1,0,S
33,45,37,52,48,1,1,1,1,T
25.5,25.3,29.5,51.5,50,1,0,1,0,U
25.7,25.1,29,52,46,1,0,0,1,V
35,45,30.5,30.3,26.5,1,0,0,1,W
45.8,27,36,53,47,1,0,0,1,X
27,44.4,37,54.3,25,1,1,1,0,Y
35,26.6,37,53,47.5,1,0,0,1,Z
33,26,31,30.3,26.5,3,0,1,1,Hello
34,45,36,53,48,1,1,1,0,A
33,26,31,30.3,26.5,1,0,1,1,B
35,44,37,53.1,44,1,0,1,0,C
35,26.6,37,53,47.5,1,0,0,1,D
35,45,30.5,30.3,26.5,1,1,1,0,F
27,29,37,56,68,2,0,0,1,G
35,25,30,55,65,2,0,1,0,H
38.3,45.3,36,54.7,27,1,1,1,1,I
36,46.2,38,55.3,27.3,3,1,1,1,J
27,27,29.5,52.3,58.1,1,0,1,0,K
28,27,38,54,69,1,0,0,0,L
32,45,37,55,64,1,1,0,0,M
34.2,46,37.3,55,65,1,1,1,1,N
32.5,46,36,46,48,1,1,1,1,O
35,25,30,55,65,2,0,1,1,P
28,27,38,54,69,4,0,0,0,Q
27,25,30.8,53.1,47.9,1,1,0,0,R
37,46,37.3,55,65,1,1,1,0,S
34,46,37.3,55,65,1,1,1,1,T
27,27,29.5,52.3,58.1,1,0,1,0,U
25.5,25.3,29.5,51.5,50,1,0,0,1,V
27,46,30,30.2,26.2,1,0,0,1,W
46.8,26,36,54,48,1,0,0,1,X
26,45.3,36,54.7,27,1,1,1,0,Y
38,26,36,53.1,47.9,1,0,0,1,Z
32.5,35,31,30.3,27,3,0,1,1,Hello
26.5,47,37,55,65,1,1,1,0,A
32.5,35,31,30.3,27,1,0,1,1,B
32.5,46,36,46,48,1,0,1,0,C
38,26,36,53.1,47.9,1,0,0,1,D
27,46,30,30.2,26.2,1,1,1,0,F
27.3,29,37.5,56,68,2,0,0,1,G
34,27,33,50,59,2,0,1,0,H
36,46.2,38,55.3,27.3,1,1,1,1,I
36.6,48,36.7,55.1,26.7,3,1,1,1,J
35,25,30,55,65,1,0,1,0,K
27,29,37,56,68,1,0,0,0,L
33,45,36,53,48,1,1,0,0,M
32,45,37,55,64,1,1,1,1,N
35,46,36,53.1,47,1,1,1,1,O
34,27,33,50,59,2,0,1,1,P
27,29,37,56,68,4,0,0,0,Q
34,27,33,50,59,1,1,0,0,R
38,45,37,55,64,1,1,1,0,S
34.2,46,37.3,55,65,1,1,1,1,T
35,25,30,55,65,1,0,1,0,U
27,27,29.5,52.3,58.1,1,0,0,1,V
27,44,30.8,30,26.2,1,0,0,1,W
48,26.6,37,53,47.5,1,0,0,1,X
28,46.2,38,55.3,27.3,1,1,1,0,Y
35,26,37,53.1,47.5,1,0,0,1,Z
33,35,31,30.3,26.5,3,0,1,1,Hello
35,46,36,54,64,1,1,1,0,A
33,35,31,30.3,26.5,1,0,1,1,B
35,46,36,53.1,47,1,0,1,0,C
35,26,37,53.1,47.5,1,0,0,1,D
27,44,30.8,30,26.2,1,1,1,0,F
26,27,36,58,61,2,0,0,1,G
27,25,30.8,53.1,47.9,2,0,1,0,H
36.6,48,36.7,55.1,26.7,1,1,1,1,I
38.1,46,36,53.9,26,3,1,1,1,J
34,27,33,50,59,1,0,1,0,K
27.3,29,37.5,56,68,1,0,0,0,L
33,47,37,55,65,1,1,0,0,M
33,45,36,53,48,1,1,1,1,N
34,45,36,45,44,1,1,1,1,O
27,25,30.8,53.1,47.9,2,0,1,1,P
27.3,29,37.5,56,68,4,0,0,0,Q
35,26,30.5,55.7,65.3,1,1,0,0,R
38.3,45,36,53,48,1,1,1,0,S
32,45,37,55,64,1,1,1,1,T
34,27,33,50,59,1,0,1,0,U
35,25,30,55,65,1,0,0,1,V
34,45,31,30,27,1,0,0,1,W
45,26,36,53.1,47.9,1,0,0,1,X
27,48,36.7,55.1,26.7,1,1,1,0,Y
34,26,36,53,48,1,0,0,1,Z
38,27,30,30,27,3,0,1,1,Hello
25,43,36,53,48,1,1,1,0,A
38,27,30,30,27,1,0,1,1,B
34,45,36,45,44,1,0,1,0,C
34,26,36,53,48,1,0,0,1,D
34,45,31,30,27,1,1,1,0,F
29,26,35,55,60,2,0,0,1,G
25,27,30,53.1,47.9,2,0,1,0,H
38.1,46,36,53.9,26,1,1,1,1,I
37,45,37,54.7,25,3,1,1,1,J
27,25,30.8,53.1,47.9,1,0,1,0,K
26,27,36,58,61,1,0,0,0,L
32,46,36,54,64,1,1,0,0,M
33,47,37,55,65,1,1,1,1,N
33,45,36,45,44,1,1,1,1,O
25,27,30,53.1,47.9,2,0,1,1,P
26,27,36,58,61,4,0,0,0,Q
26.7,26.6,30.8,53.5,60,1,1,0,0,R
39,47,37,55,65,1,1,1,0,S
33,45,36,53,48,1,1,1,1,T
27,25,30.8,53.1,47.9,1,0,1,0,U
34,27,33,50,59,1,0,0,1,V
27,45,31,30,27,1,0,0,1,W
46.4,26,37,53.1,47.5,1,0,0,1,X
27.3,46,36,53.9,26,1,1,1,0,Y
34,26,37,52,47,1,0,0,1,Z
33,27,31,30,27,3,0,1,1,Hello
34,43,36,53,48,1,1,1,0,A
33,27,31,30,27,1,0,1,1,B
33,45,36,45,44,1,0,1,0,C
34,26,37,52,47,1,0,0,1,D
27,45,31,30,27,1,1,1,0,F
30,29,34,54,62,2,0,0,1,G
30,28,29,55.7,65.6,2,0,1,0,H
37,45,37,54.7,25,1,1,1,1,I
39,45,35,55.5,24.9,3,1,1,1,J
25,27,30,53.1,47.9,1,0,1,0,K
29,26,35,55,60,1,0,0,0,L
32.3,43,36,53,48,1,1,0,0,M
32,46,36,54,64,1,1,1,1,N
34,45,37,53,48,1,1,1,1,O
30,28,29,55.7,65.6,2,0,1,1,P
29,26,35,55,60,4,0,0,0,Q
29,28,30,55,47,1,1,0,0,R
38.6,46,36,54,64,1,1,1,0,S
33,47,37,55,65,1,1,1,1,T
25,27,30,53.1,47.9,1,0,1,0,U
27,25,30.8,53.1,47.9,1,0,0,1,V
34,43,30,29,25,1,0,0,1,W
47.3,26,36,53,48,1,0,0,1,X
26,45,37,54.7,25,1,1,1,0,Y
26,26,36,52,48,1,0,0,1,Z
35,35,31,30,26,3,0,1,1,Hello
27,45,36,49,47,1,1,1,0,A
35,35,31,30,26,1,0,1,1,B
34,45,37,53,48,1,0,1,0,C
26,26,36,52,48,1,0,0,1,D
34,43,30,29,25,1,1,1,0,F
27,25,37,54,64,2,0,0,1,G
29,26.3,30.5,53,47.9,2,0,1,0,H
39,45,35,55.5,24.9,1,1,1,1,I
40,46,38,54,26.3,3,1,1,1,J
30,28,29,55.7,65.6,1,0,1,0,K
30,29,34,54,62,1,0,0,0,L
32.5,43,36,53,48,1,1,0,0,M
32.3,43,36,53,48,1,1,1,1,N
32,43,36,53,48,1,1,1,1,O
29,26.3,30.5,53,47.9,2,0,1,1,P
30,29,34,54,62,4,0,0,0,Q
34,25,32,52,50,1,1,0,0,R
37.4,43,36,53,48,1,1,1,0,S
32,46,36,54,64,1,1,1,1,T
30,28,29,55.7,65.6,1,0,1,0,U
25,27,30,53.1,47.9,1,0,0,1,V
27,45,31,31,27,1,0,0,1,W
46.3,26,37,52,47,1,0,0,1,X
29,45,35,55.5,24.9,1,1,1,0,Y
27,27,26,52,47,1,0,0,1,Z
26,26,30,29,25,3,0,1,1,Hello
34,44,36,51,49,1,1,1,0,A
26,26,30,29,25,1,0,1,1,B
32,43,36,53,48,1,0,1,0,C
27,27,26,52,47,1,0,0,1,D
27,45,31,31,27,1,1,1,0,F
26.2,27.1,36.8,55.2,65.1,2,0,0,1,G
35,26,30.8,54,65.6,2,0,1,0,H
40,46,38,54,26.3,1,1,1,1,I
38.4,44,36,53.3,26.5,3,1,1,1,J
29,26.3,30.5,53,47.9,1,0,1,0,K
27,25,37,54,64,1,0,0,0,L
30,45,36,49,47,1,1,0,0,M
32.5,43,36,53,48,1,1,1,1,N
34,43,36,45,44,1,1,1,1,O
35,26,30.8,54,65.6,2,0,1,1,P
27,25,37,54,64,4,0,0,0,Q
28,27,31,52,69,1,1,0,0,R
37.7,43,36,53,48,1,1,1,0,S
32.3,43,36,53,48,1,1,1,1,T
29,26.3,30.5,53,47.9,1,0,1,0,U
30,28,29,55.7,65.6,1,0,0,1,V
26,45,30,29,25,1,0,0,1,W
46,26,36,52,48,1,0,0,1,X
30,46,38,54,26.3,1,1,1,0,Y
37,25,36,53,47,1,0,0,1,Z
38,27,31,30,25,3,0,1,1,Hello
26,45,37,54,64,1,1,1,0,A
38,27,31,30,25,1,0,1,1,B
34,43,36,45,44,1,0,1,0,C
37,25,36,53,47,1,0,0,1,D
26,45,30,29,25,1,1,1,0,F
27.2,28.1,37.8,56.2,66.1,2,0,0,1,G
35,26,30.5,55.7,65.3,2,0,1,0,H
38.4,44,36,53.3,26.5,1,1,1,1,I
37.3,47,37,54.5,25.7,3,1,1,1,J
35,26,30.8,54,65.6,1,0,1,0,K
26.2,27.1,36.8,55.2,65.1,1,0,0,0,L
29,44,36,51,49,1,1,0,0,M
30,45,36,49,47,1,1,1,1,N
33,43,37,45,43,1,1,1,1,O
35,26,30.5,55.7,65.3,2,0,1,1,P
26.2,27.1,36.8,55.2,65.1,4,0,0,0,Q
35,26.6,30.8,55.7,65.6,1,1,0,0,R
36.8,45,36,49,47,1,1,1,0,S
32.5,43,36,53,48,1,1,1,1,T
35,26,30.8,54,65.6,1,0,1,0,U
29,26.3,30.5,53,47.9,1,0,0,1,V
26,43,30,31,25,1,0,0,1,W
45.8,27,26,52,47,1,0,0,1,X
30,44,36,53.3,26.5,1,1,1,0,Y
26,26,35,52,46,1,0,0,1,Z
39,26,30,29,26,3,0,1,1,Hello
34,45,37,54,64,1,1,1,0,A
39,26,30,29,26,1,0,1,1,B
33,43,37,45,43,1,0,1,0,C
26,26,35,52,46,1,0,0,1,D
26,43,30,31,25,1,1,1,0,F
26.9,27,36.5,56,60,2,0,0,1,G
35,26.6,30.8,53.1,65.6,2,0,1,0,H
37.3,47,37,54.5,25.7,1,1,1,1,I
34,46,37,53,24,3,1,1,1,J
35,26,30.5,55.7,65.3,1,0,1,0,K
27.2,28.1,37.8,56.2,66.1,1,0,0,0,L
34,45,37,54,64,1,1,0,0,M
29,44,36,51,49,1,1,1,1,N
32,43,36,53,47,1,1,1,1,O
35,26.6,30.8,53.1,65.6,2,0,1,1,P
27.2,28.1,37.8,56.2,66.1,4,0,0,0,Q
29,26,30.8,53.1,47.9,1,1,0,0,R
37,44,36,51,49,1,1,1,0,S
30,45,36,49,47,1,1,1,1,T
35,26,30.5,55.7,65.3,1,0,1,0,U
35,26,30.8,54,65.6,1,0,0,1,V
34,45,30,29,25,1,0,0,1,W
47.2,25,36,53,47,1,0,0,1,X
26.2,47,37,54.5,25.7,1,1,1,0,Y
27,25,35,53,57,1,0,0,1,Z
37,26,31,30,25,3,0,1,1,Hello
27,44,36,54,63,1,1,1,0,A
37,26,31,30,25,1,0,1,1,B
32,43,36,53,47,1,0,1,0,C
27,25,35,53,57,1,0,0,1,D
34,45,30,29,25,1,1,1,0,F
24.1,28.3,34.2,55.2,62,2,0,0,1,G
35,26.6,30.8,54,65.6,2,0,1,0,H
34,46,37,53,24,1,1,1,1,I
36,45.5,36.4,55,23,3,1,1,1,J
35,26.6,30.8,53.1,65.6,1,0,1,0,K
26.9,27,36.5,56,60,1,0,0,0,L
32,45,37,54,64,1,1,0,0,M
34,45,37,54,64,1,1,1,1,N
34,43,36,53,43,1,1,1,1,O
35,26.6,30.8,54,65.6,2,0,1,1,P
26.9,27,36.5,56,60,4,0,0,0,Q
25,27,30,53.1,47.9,1,1,0,0,R
39,45,37,54,64,1,1,1,0,S
29,44,36,51,49,1,1,1,1,T
35,26.6,30.8,53.1,65.6,1,0,1,0,U
35,26,30.5,55.7,65.3,1,0,0,1,V
34,44,30,30,27,1,0,0,1,W
46,26,35,52,46,1,0,0,1,X
27.2,46,37,53,24,1,1,1,0,Y
34,26,36,52,47,1,0,0,1,Z
32,25,30,30,26,3,0,1,1,Hello
33,44,35,52,47,1,1,1,0,A
32,25,30,30,26,1,0,1,1,B
34,43,36,53,43,1,0,1,0,C
34,26,36,52,47,1,0,0,1,D
34,44,30,30,27,1,1,1,0,F
25,29,34.2,55.2,62,2,0,0,1,G
29,26,30.8,53.1,47.9,2,0,1,0,H
36,45.5,36.4,55,23,1,1,1,1,I
39,44.9,37.4,54.3,25,3,1,1,1,J
35,26.6,30.8,54,65.6,1,0,1,0,K
24.1,28.3,34.2,55.2,62,1,0,0,0,L
33,44,36,54,63,1,1,0,0,M
32,45,37,54,64,1,1,1,1,N
32,45,35,45,47,1,1,1,1,O
29,26,30.8,53.1,47.9,2,0,1,1,P
24.1,28.3,34.2,55.2,62,4,0,0,0,Q
35,26,30.8,54,65.6,1,1,0,0,R
38.5,45,37,54,64,1,1,1,0,S
34,45,37,54,64,1,1,1,1,T
35,26.6,30.8,54,65.6,1,0,1,0,U
35,26.6,30.8,53.1,65.6,1,0,0,1,V
26,47,29,30,26,1,0,0,1,W
46.8,25,35,53,57,1,0,0,1,X
26.9,45.5,36.4,55,23,1,1,1,0,Y
37,25,35,53,47,1,0,0,1,Z
32,34,30,30,26,3,0,1,1,Hello
26,46,36,54,64,1,1,1,0,A
32,34,30,30,26,1,0,1,1,B
32,45,35,45,47,1,0,1,0,C
37,25,35,53,47,1,0,0,1,D
26,47,29,30,26,1,1,1,0,F
28,29,37.3,55,65.6,2,0,0,1,G
34,25,32,52,50,2,0,1,0,H
39,44.9,37.4,54.3,25,1,1,1,1,I
34,46.6,36.9,54.5,27,3,1,1,1,J
29,26,30.8,53.1,47.9,1,0,1,0,K
25,29,34.2,55.2,62,1,0,0,0,L
34,44,35,52,47,1,1,0,0,M
33,44,36,54,63,1,1,1,1,N
34,45,35,53,46,1,1,1,1,O
34,25,32,52,50,2,0,1,1,P
25,29,34.2,55.2,62,4,0,0,0,Q
35,26.6,30.8,54,65.6,1,1,0,0,R
37.6,44,36,54,63,1,1,1,0,S
32,45,37,54,64,1,1,1,1,T
29,26,30.8,53.1,47.9,1,0,1,0,U
35,26.6,30.8,54,65.6,1,0,0,1,V
26,43,30,29,26,1,0,0,1,W
46.1,26,36,52,47,1,0,0,1,X
24.1,44.9,37.4,54.3,25,1,1,1,0,Y
34,25,36,53,48,1,0,0,1,Z
32,34,30,30,26,3,0,1,1,Hello
34,45,35,53,63,1,1,1,0,A
32,34,30,30,26,1,0,1,1,B
34,45,35,53,46,1,0,1,0,C
34,25,36,53,48,1,0,0,1,D
26,43,30,29,26,1,1,1,0,F
24.8,24.7,37,55.2,64,2,0,0,1,G
26.7,26.6,30.8,53.5,60,2,0,1,0,H
34,46.6,36.9,54.5,27,1,1,1,1,I
36,43.7,37.1,54,24,3,1,1,1,J
34,25,32,52,50,1,0,1,0,K
28,29,37.3,55,65.6,1,0,0,0,L
34.3,46,36,54,64,1,1,0,0,M
34,44,35,52,47,1,1,1,1,N
35,46,37,46,44.3,1,1,1,1,O
26.7,26.6,30.8,53.5,60,2,0,1,1,P
28,29,37.3,55,65.6,4,0,0,0,Q
34,25.5,29.5,54.3,67.1,1,1,0,0,R
37.5,44,35,52,47,1,1,1,0,S
33,44,36,54,63,1,1,1,1,T
34,25,32,52,50,1,0,1,0,U
29,26,30.8,53.1,47.9,1,0,0,1,V
35,46,30.8,30.3,26.5,1,0,0,1,W
47.1,25,35,53,47,1,0,0,1,X
25,46.6,36.9,54.5,27,1,1,1,0,Y
35,26.6,36.5,53.1,47.9,1,0,0,1,Z
39.3,26.6,30.5,30.3,26.5,3,0,1,1,Hello
27,45.1,36.7,52.9,48.5,1,1,1,0,A
39.3,26.6,30.5,30.3,26.5,1,0,1,1,B
35,46,37,46,44.3,1,0,1,0,C
35,26.6,36.5,53.1,47.9,1,0,0,1,D
35,46,30.8,30.3,26.5,1,1,1,0,F
26.4,26,38,55,65.6,2,0,0,1,G
34,25.5,29.5,54.3,67.1,2,0,1,0,H
36,43.7,37.1,54,24,1,1,1,1,I
37,48,34.9,53.5,26,3,1,1,1,J
26.7,26.6,30.8,53.5,60,1,0,1,0,K
24.8,24.7,37,55.2,64,1,0,0,0,L
35,45,35,53,63,1,1,0,0,M
34.3,46,36,54,64,1,1,1,1,N
32.5,46,37,46,44.3,1,1,1,1,O
34,25.5,29.5,54.3,67.1,2,0,1,1,P
24.8,24.7,37,55.2,64,4,0,0,0,Q
35,26.6,30.8,53.1,65.6,1,1,0,0,R
36.8,46,36,54,64,1,1,1,0,S
34,44,35,52,47,1,1,1,1,T
26.7,26.6,30.8,53.5,60,1,0,1,0,U
34,25,32,52,50,1,0,0,1,V
26.7,46,30.8,30.3,26.5,1,0,0,1,W
46.1,25,36,53,48,1,0,0,1,X
28,43.7,37.1,54,24,1,1,1,0,Y
35,27,36.5,53,48,1,0,0,1,Z
32.5,26.6,30.8,30.3,26.5,3,0,1,1,Hello
35,44,36.5,53.1,47.9,1,1,1,0,A
32.5,26.6,30.8,30.3,26.5,1,0,1,1,B
32.5,46,37,46,44.3,1,0,1,0,C
35,27,36.5,53,48,1,0,0,1,D
26.7,46,30.8,30.3,26.5,1,1,1,0,F
26.7,30,35,50,65,2,0,0,1,G
33,24,28,53,55,2,0,1,0,H
37,48,34.9,53.5,26,1,1,1,1,I
33,47.3,38,55.5,24.9,3,1,1,1,J
34,25.5,29.5,54.3,67.1,1,0,1,0,K
26.4,26,38,55,65.6,1,0,0,0,L
34.7,45.1,36.7,52.9,48.5,1,1,0,0,M
35,45,35,53,63,1,1,1,1,N
35,44,36.5,53.1,47.9,1,1,1,1,O
33,24,28,53,55,2,0,1,1,P
26.4,26,38,55,65.6,4,0,0,0,Q
29,26.3,30.5,53,47.9,1,1,0,0,R
37.3,45,35,53,63,1,1,1,0,S
34.3,46,36,54,64,1,1,1,1,T
34,25.5,29.5,54.3,67.1,1,0,1,0,U
26.7,26.6,30.8,53.5,60,1,0,0,1,V
35,44,31,30,26,1,0,0,1,W
45.9,26.6,36.5,53.1,47.9,1,0,0,1,X
24.8,48,34.9,53.5,26,1,1,1,0,Y
27,27,37,53,47.5,1,0,0,1,Z
35,35,31,30,26,3,0,1,1,Hello
26.7,46,37,50,48,1,1,1,0,A
35,35,31,30,26,1,0,1,1,B
35,44,36.5,53.1,47.9,1,0,1,0,C
27,27,37,53,47.5,1,0,0,1,D
35,44,31,30,26,1,1,1,0,F
28,27,38,50,60,2,0,0,1,G
34,26.6,29,55.7,64,2,0,1,0,H
33,47.3,38,55.5,24.9,1,1,1,1,I
35.4,45,36.3,53.1,25.7,3,1,1,1,J
33,24,28,53,55,1,0,1,0,K
26.7,30,35,50,65,1,0,0,0,L
34,44,36.5,53.1,47.9,1,1,0,0,M
34.7,45.1,36.7,52.9,48.5,1,1,1,1,N
32.5,44,36.5,53.1,47.9,1,1,1,1,O
34,26.6,29,55.7,64,2,0,1,1,P
26.7,30,35,50,65,4,0,0,0,Q
34,26.6,29,55.7,64,1,1,0,0,R
37.7,45.1,36.7,52.9,48.5,1,1,1,0,S
35,45,35,53,63,1,1,1,1,T
33,24,28,53,55,1,0,1,0,U
34,25.5,29.5,54.3,67.1,1,0,0,1,V
26.7,46,30.8,30.3,26.5,1,0,0,1,W
46.1,27,36.5,53,48,1,0,0,1,X
26.4,47.3,38,55.5,24.9,1,1,1,0,Y
27.8,25.7,38,23,48,1,0,0,1,Z
27,27,31,30,26,3,0,1,1,Hello
35,45,37,52,48,1,1,1,0,A
27,27,31,30,26,1,0,1,1,B
32.5,44,36.5,53.1,47.9,1,0,1,0,C
27.8,25.7,38,23,48,1,0,0,1,D
26.7,46,30.8,30.3,26.5,1,1,1,0,F
27,26,37,55,64,2,0,0,1,G
35,27,28,56,63,2,0,1,0,H
35.4,45,36.3,53.1,25.7,1,1,1,1,I
36,45.4,37,54.5,26.1,3,1,1,1,J
34,26.6,29,55.7,64,1,0,1,0,K
28,27,38,50,60,1,0,0,0,L
33.3,46,37,50,48,1,1,0,0,M
34,44,36.5,53.1,47.9,1,1,1,1,N
35,44,36.5,46,44.3,1,1,1,1,O
35,27,28,56,63,2,0,1,1,P
28,27,38,50,60,4,0,0,0,Q
35,27,28,56,63,1,1,0,0,R
38,44,36.5,53.1,47.9,1,1,1,0,S
34.7,45.1,36.7,52.9,48.5,1,1,1,1,T
34,26.6,29,55.7,64,1,0,1,0,U
33,24,28,53,55,1,0,0,1,V
27,46,31,30,26,1,0,0,1,W
47.3,27,37,53,47.5,1,0,0,1,X
26.7,45,36.3,53.1,25.7,1,1,1,0,Y
38,26,37,50,48,1,0,0,1,Z
39,27,30.8,30.3,26,3,0,1,1,Hello
27,46,37.3,55,65,1,1,1,0,A
39,27,30.8,30.3,26,1,0,1,1,B
35,44,36.5,46,44.3,1,0,1,0,C
38,26,37,50,48,1,0,0,1,D
27,46,31,30,26,1,1,1,0,F
27,26.3,37,56,65.3,2,0,0,1,G
35,28,31,55,65.6,2,0,1,0,H
36,45.4,37,54.5,26.1,1,1,1,1,I
35.5,40,38,54.9,28,3,1,1,1,J
35,27,28,56,63,1,0,1,0,K
27,26,37,55,64,1,0,0,0,L
34.2,45,37,52,48,1,1,0,0,M
33.3,46,37,50,48,1,1,1,1,N
32.5,44,36.5,46,44,1,1,1,1,O
35,28,31,55,65.6,2,0,1,1,P
27,26,37,55,64,4,0,0,0,Q
35,28,31,55,65.6,1,1,0,0,R
38.2,46,37,50,48,1,1,1,0,S
34,44,36.5,53.1,47.9,1,1,1,1,T
35,27,28,56,63,1,0,1,0,U
34,26.6,29,55.7,64,1,0,0,1,V
28,40,30,31.2,25.6,1,0,0,1,W
46.5,25.7,38,23,48,1,0,0,1,X
28,45.4,37,54.5,26.1,1,1,1,0,Y
27,27,36,53,47,1,0,0,1,Z
40,27,31,33,27,3,0,1,1,Hello
35,43,37.3,55,65,1,1,1,0,A
40,27,31,33,27,1,0,1,1,B
32.5,44,36.5,46,44,1,0,1,0,C
27,27,36,53,47,1,0,0,1,D
28,40,30,31.2,25.6,1,1,1,0,F
26.4,26.3,37.6,55.4,65.3,2,0,0,1,G
34,30,30,54,65,2,0,1,0,H
35.5,40,38,54.9,28,1,1,1,1,I
36.7,45,37,54,27,3,1,1,1,J
35,28,31,55,65.6,1,0,1,0,K
27,26.3,37,56,65.3,1,0,0,0,L
32,46,37.3,55,65,1,1,0,0,M
34.2,45,37,52,48,1,1,1,1,N
32.5,44,36.5,53.1,48,1,1,1,1,O
34,30,30,54,65,2,0,1,1,P
27,26.3,37,56,65.3,4,0,0,0,Q
34,30,30,54,65,1,1,0,0,R
38.4,45,37,52,48,1,1,1,0,S
33.3,46,37,50,48,1,1,1,1,T
35,28,31,55,65.6,1,0,1,0,U
35,27,28,56,63,1,0,0,1,V
35,46,30.8,30,26,1,0,0,1,W
47,26,37,50,48,1,0,0,1,X
27,40,38,54.9,28,1,1,1,0,Y
38,26,36,54,48,1,0,0,1,Z
38,26.5,30.5,30.1,26,3,0,1,1,Hello
28,45,37,55,64,1,1,1,0,A
38,26.5,30.5,30.1,26,1,0,1,1,B
32.5,44,36.5,53.1,48,1,0,1,0,C
38,26,36,54,48,1,0,0,1,D
35,46,30.8,30,26,1,1,1,0,F
26.9,26.8,37.1,55.2,65.3,2,0,0,1,G
33,30,32,52,65,2,0,1,0,H
36.7,45,37,54,27,1,1,1,1,I
38,46,36,55,26,3,1,1,1,J
34,30,30,54,65,1,0,1,0,K
26.4,26.3,37.6,55.4,65.3,1,0,0,0,L
33.6,43,37.3,55,65,1,1,0,0,M
32,46,37.3,55,65,1,1,1,1,N
36,45,36.9,52.5,44,1,1,1,1,O
33,30,32,52,65,2,0,1,1,P
26.4,26.3,37.6,55.4,65.3,4,0,0,0,Q
33,30,32,52,65,1,1,0,0,R
36.9,46,37.3,55,65,1,1,1,0,S
34.2,45,37,52,48,1,1,1,1,T
34,30,30,54,65,1,0,1,0,U
35,28,31,55,65.6,1,0,0,1,V
35,45,30.5,30.3,26.5,1,0,0,1,W
46,27,36,53,47,1,0,0,1,X
27,45,37,54,27,1,1,1,0,Y
35,26.6,37,53,47.5,1,0,0,1,Z
33,26,31,30.3,26.5,3,0,1,1,Hello
34,45,36,53,48,1,1,1,0,A
33,26,31,30.3,26.5,1,0,1,1,B
36,45,36.9,52.5,44,1,0,1,0,C
35,26.6,37,53,47.5,1,0,0,1,D
35,45,30.5,30.3,26.5,1,1,1,0,F
26.8,26.4,37.5,55.5,66,2,0,0,1,G
33,26,29,54,64,2,0,1,0,H
38,46,36,55,26,1,1,1,1,I
36,44,35,55.7,25,3,1,1,1,J
33,30,32,52,65,1,0,1,0,K
26.9,26.8,37.1,55.2,65.3,1,0,0,0,L
32,45,37,55,64,1,1,0,0,M
33.6,43,37.3,55,65,1,1,1,1,N
32.5,46,36,46,48,1,1,1,1,O
33,26,29,54,64,2,0,1,1,P
26.9,26.8,37.1,55.2,65.3,4,0,0,0,Q
33,26,29,54,64,1,1,0,0,R
40,43,37.3,55,65,1,1,1,0,S
32,46,37.3,55,65,1,1,1,1,T
33,30,32,52,65,1,0,1,0,U
34,30,30,54,65,1,0,0,1,V
27,45,30,30.2,26.2,1,0,0,1,W
47,26,36,54,48,1,0,0,1,X
26.4,46,36,55,26,1,1,1,0,Y
38,26,36,53.1,47.9,1,0,0,1,Z
32.5,35,31,30.3,27,3,0,1,1,Hello
26.5,47,37,55,65,1,1,1,0,A
32.5,35,31,30.3,27,1,0,1,1,B
32.5,46,36,46,48,1,0,1,0,C
38,26,36,53.1,47.9,1,0,0,1,D
27,45,30,30.2,26.2,1,1,1,0,F
30,20,36,54,64,2,0,0,1,G
26,26,29,53,46,2,0,1,0,H
36,44,35,55.7,25,1,1,1,1,I
34,47,37.3,53.1,27,3,1,1,1,J
33,26,29,54,64,1,0,1,0,K
26.8,26.4,37.5,55.5,66,1,0,0,0,L
32.7,45,36,53,48,1,1,0,0,M
32,45,37,55,64,1,1,1,1,N
33,46,36,53.1,47,1,1,1,1,O
26,26,29,53,46,2,0,1,1,P
26.8,26.4,37.5,55.5,66,4,0,0,0,Q
26,26,29,53,46,1,1,0,0,R
37,45,37,55,64,1,1,1,0,S
33.6,43,37.3,55,65,1,1,1,1,T
33,26,29,54,64,1,0,1,0,U
33,30,32,52,65,1,0,0,1,V
27,44,30.8,30,26.2,1,0,0,1,W
45,26.6,37,53,47.5,1,0,0,1,X
26.9,44,35,55.7,25,1,1,1,0,Y
37,25,36.5,53.1,47.5,1,0,0,1,Z
31,35,32,30.3,26.5,3,0,1,1,Hello
35,37.8,36,54,64,1,1,1,0,A
31,35,32,30.3,26.5,1,0,1,1,B
33,46,36,53.1,47,1,0,1,0,C
37,25,36.5,53.1,47.5,1,0,0,1,D
27,44,30.8,30,26.2,1,1,1,0,F
25,25,38,53,64,2,0,0,1,G
29,28,30,55,47,2,0,1,0,H
34,47,37.3,53.1,27,1,1,1,1,I
38.3,44,36.5,57,26.5,3,1,1,1,J
26,26,29,53,46,1,0,1,0,K
30,20,36,54,64,1,0,0,0,L
34,47,37,55,65,1,1,0,0,M
32.7,45,36,53,48,1,1,1,1,N
35,46,37,46,44.3,1,1,1,1,O
35,26.6,30.8,55.7,65.6,2,0,1,1,P
30,20,36,54,64,4,0,0,0,Q
29,28,30,55,47,1,1,0,0,R
36.8,45,36,53,48,1,1,1,0,S
32,45,37,55,64,1,1,1,1,T
26,26,29,53,46,1,0,1,0,U
33,26,29,54,64,1,0,0,1,V
35,46,30.8,30.3,26.5,1,0,0,1,W
46,26,36,53.1,47.9,1,0,0,1,X
26.8,47,37.3,53.1,27,1,1,1,0,Y
35,26.6,36.5,53.1,47.9,1,0,0,1,Z
32.5,26.6,30.8,30.3,26.5,3,0,1,1,Hello
